Game,Genre,Percent_Offline,Avg_Prize_Pool_per_Tournament,Offline_Earnings,Release_Date,Total_Earnings,Total_Players,Total_Tournaments
Age of Empires,Strategy,0.70947845925099,2159.192815249,522378.17,1997,736284.75,624,341
Age of Empires II,Strategy,0.349212818102372,2010.576962352,1361409.22,1999,3898508.73,2256,1939
Age of Empires III,Strategy,0.363764053215234,682.998435754,44472.6,2005,122256.72,172,179
Age of Empires IV,Strategy,0.368754596857758,2815.161796690,439117.93,2021,1190813.44,643,423
Age of Empires Online,Strategy,0.0676089463647324,168.573235294,775,2011,11462.98,52,68
Age of Mythology,Strategy,0.459781375825352,632.951610738,86723.77,2002,188619.58,236,298
Among Us,Strategy,0,10750,0,2018,86000,14,8
Auto Chess,Strategy,0.892157933348038,22379.236153846,1038222.28,2019,1163720.28,133,52
Brawl Stars,Strategy,0.472665057121209,39330.974879227,3848208.14,2018,8141511.8,698,207
Chess.com,Strategy,0.0990818589627826,11051.403543004,853000.02,2007,8609043.36,1158,779
chess24,Strategy,0,148912.945862069,0,2014,4318475.43,90,29
chessarena.com,Strategy,0.205039693406425,11971.074545455,54000,2021,263363.64,134,22
Clash of Clans,Strategy,0.611616322825049,75132.621851852,3722139.37,2012,6085742.37,544,81
Clash Royale,Strategy,0.484143577562791,68635.158560606,4386263.8,2016,9059840.93,563,132
Clash Royale x Chess,Strategy,NA,,0,2022,0,0,0
Command & Conquer 3,Strategy,1,6635.83375,53086.67,2007,53086.67,9,8
Command & Conquer: Red Alert,Strategy,1,15000,15000,1996,15000,8,1
Company of Heroes 2,Strategy,0.929332501676163,1426.87,7956.22,2013,8561.22,11,6
ComPet,Strategy,0,2000,0,2016,2000,50,1
Dead By Daylight,Strategy,0,6666.666666667,0,2016,60000,35,9
Dead by Daylight Mobile,Strategy,0,10000,0,2020,10000,0,1
Dota Underlords,Strategy,0,722.893888889,0,2019,26024.18,62,36
Endgods,Strategy,NA,,0,2015,0,0,0
Farming Simulator 19,Strategy,0.331545671885837,21550.559375,228639.83,2018,689617.9,145,32
Farming Simulator 22,Strategy,0.753927194686833,22707.92375,136960.97,2021,181663.39,48,8
GeoGuessr,Strategy,1,37326.75,74653.5,2013,74653.5,34,2
Grey Goo,Strategy,0.835164835164835,7280,30400,2015,36400,18,5
Heroes of Might and Magic III,Strategy,NA,,0,1999,0,0,0
Identity V,Strategy,0.901458729732783,199880.376551724,5225333.4,2018,5796530.92,375,29
Internet Chess Club,Strategy,0,10000,0,1995,10000,6,1
Iron Harvest,Strategy,NA,,0,2020,0,0,0
Legion TD 2,Strategy,NA,,0,2021,0,0,0
Lichess,Strategy,0,7148.120273224,0,2010,1308106.01,366,183
Loco Dojo Unleashed,Strategy,1,1000,1000,2021,1000,4,1
Men of War: Assault Squad 2,Strategy,NA,,0,2014,0,0,0
Multigaming,Strategy,0.909184114609666,52596.378333333,573837.5,2000,631156.54,58,12
Playchess.com,Strategy,0,3651.842222222,0,2002,32866.58,116,9
Pokémon GO,Strategy,0.989265040592125,7749.861111111,552000,2016,557990,324,72
Pokémon VGC,Strategy,0.970252580347403,13903.166666667,647500,2012,667352,322,48
Prophecy,Strategy,0,3250,0,2020,13000,27,4
Rise of Nations: Rise of Legends,Strategy,1,69600,69600,2006,69600,8,1
Sea of Thieves,Strategy,0,25000,0,2016,100000,67,4
Star Wars: Squadrons,Strategy,0,800,0,2020,800,4,1
StarCraft II,Strategy,0.788729346921578,5684.781300932,33672991.36,2010,42692707.57,2280,7510
StarCraft: Brood War,Strategy,0.966074301136193,13940.803837638,7299575.96,1998,7555915.68,663,542
StarCraft: Evo Complete (Mod),Strategy,0,2168.79,0,2024,21687.9,35,10
StarCraft: Remastered,Strategy,0.334260246280547,7069.707720145,1959028.34,2017,5860787.7,413,829
Stormgate,Strategy,0.377084807630185,1243.0890625,15000,2024,39778.85,89,32
Summoners War: Sky Arena,Strategy,0.646464646464647,113142.857142857,512000,2014,792000,33,7
Super Mario Party,Strategy,1,220,220,2018,220,4,1
Supreme Commander,Strategy,1,4901.26,4901.26,2007,4901.26,0,1
Supreme Commander: Forged Alliance,Strategy,1,1290.01,1290.01,2007,1290.01,0,1
Teamfight Tactics,Strategy,0.37533938326247,80420.736238532,3290172.58,2019,8765860.25,871,109
Temtem,Strategy,0,6722.222222222,0,2022,60500,35,9
TEPPEN,Strategy,0.729323011829903,26092.775,456721.47,2019,626226.6,53,24
The Binding of Isaac,Strategy,0,15000,0,2011,15000,16,1
Total Annihilation,Strategy,1,15000,15000,1997,15000,2,1
UNO,Strategy,0,10000,0,2016,30000,28,3
WarCraft III,Strategy,0.851191496167955,4069.131438710,5368595.62,2002,6307153.73,768,1550
WarCraft III: Reforged,Strategy,0.277762354318993,3639.384523810,594399.8,2020,2139958.1,197,588
"Warhammer 40,000: Dawn of War",Strategy,1,26605.5,79816.5,2005,79816.5,7,3
"Warhammer 40,000: Dawn of War II",Strategy,NA,,0,2009,0,0,0
Warparty,Strategy,0,587.5,0,2019,1175,6,2
Windjammers,Strategy,0.913418986564557,353.216875,5162.16,1994,5651.47,36,16
World in Conflict,Strategy,1,26667.111818182,293338.23,2007,293338.23,38,11
World of Tanks,Strategy,0.882944756057461,66019.253191489,5479387.22,2010,6205809.8,922,94
World of Tanks Blitz,Strategy,0.947418285172904,10555,60000,2016,63330,14,6
ZeroSpace,Strategy,0,10000,0,2024,20000,11,2
After-H,First-Person Shooter,0.795679640939909,4659.077777778,66728.4,2019,83863.4,106,18
Aim Gods,First-Person Shooter,0,250000,0,2020,250000,2,1
Aliens versus Predator 2,First-Person Shooter,1,21750,43500,2001,43500,2,2
Alliance of Valiant Arms,First-Person Shooter,NA,,0,2009,0,0,0
Archangel Hellfire,First-Person Shooter,0.363636363636364,611.111111111,2000,2017,5500,14,9
Battalion 1944,First-Person Shooter,0.628410091095449,7126.023103448,129863.88,2018,206654.67,135,29
Battlefield 1,First-Person Shooter,NA,,0,2016,0,0,0
Battlefield 2,First-Person Shooter,1,7285.786153846,94715.22,2005,94715.22,0,13
Battlefield 2142,First-Person Shooter,1,4636.535,18546.14,2006,18546.14,0,4
Battlefield 3,First-Person Shooter,1,3629.637142857,25407.46,2011,25407.46,5,7
Battlefield 4,First-Person Shooter,0.864806003227617,1694.941103448,212540.31,2013,245766.46,204,145
Battlefield Hardline,First-Person Shooter,1,13463.28,13463.28,2015,13463.28,20,1
Battlefield V,First-Person Shooter,NA,,0,2018,0,0,0
Beat Aim,First-Person Shooter,0,71.666666667,0,2019,430,12,6
Big Buck Hunter Arcade,First-Person Shooter,1,76200,76200,2016,76200,3,1
Black Squad,First-Person Shooter,0,498.865882353,0,2017,8480.72,57,17
Blaston,First-Person Shooter,0.0907096039047936,891.957272727,1780,2020,19623.06,27,22
Borderlands 3,First-Person Shooter,0,50000,0,2019,50000,16,1
Brink,First-Person Shooter,1,21505.82,21505.82,2011,21505.82,5,1
Call of Duty,First-Person Shooter,1,13699.9425,54799.77,2003,54799.77,66,4
Call of Duty 2,First-Person Shooter,0.920711400043468,4417.072941176,69136.44,2005,75090.24,53,17
Call of Duty 4: Modern Warfare,First-Person Shooter,0.923832971481792,4889.761724138,393007.11,2007,425409.27,431,87
Call of Duty Online,First-Person Shooter,1,118692.75,949542,2013,949542,0,8
Call of Duty: Advanced Warfare,First-Person Shooter,0.868224361266733,6448.910938272,2267636.14,2014,2611808.93,783,405
Call of Duty: Black Ops,First-Person Shooter,0.92329749840258,16338.846956522,346969.18,2010,375793.48,118,23
Call of Duty: Black Ops 2,First-Person Shooter,0.966826909636804,27391.467592593,1430071.63,2012,1479139.25,187,54
Call of Duty: Black Ops 4,First-Person Shooter,0.984591248596247,82133.401829268,6631161.95,2018,6734938.95,389,82
Call of Duty: Black Ops Cold War,First-Person Shooter,0.534432737822568,71184.782608696,3500000,2020,6549000,299,92
Call of Duty: Black Ops III,First-Person Shooter,0.960224647280028,50510.042179487,3783077.02,2015,3939783.29,424,78
Call of Duty: Blackout,First-Person Shooter,0.524859331956472,33978.241666667,321008.35,2018,611608.35,175,18
Call of Duty: Ghosts,First-Person Shooter,0.943725260285779,20976.121710526,1504472.89,2013,1594185.25,199,76
Call of Duty: Infinite Warfare,First-Person Shooter,0.971956258406253,49603.631666667,4049855.06,2016,4166705.06,343,84
Call of Duty: Mobile,First-Person Shooter,0.697467584154626,194530.994186047,5834199.69,2019,8364832.75,471,43
Call of Duty: Modern Warfare,First-Person Shooter,0.0904655373047979,92602.277777778,678562.5,2019,7500784.5,396,81
Call of Duty: Modern Warfare 2,First-Person Shooter,0.434207420521078,5339.995,51010.64,2009,117479.89,69,22
Call of Duty: Modern Warfare 3,First-Person Shooter,0.986145284928474,23694.725714286,1144955.66,2011,1161041.56,217,49
Call of Duty: Modern Warfare II,First-Person Shooter,0.880556813811522,161082.286842105,5390000,2022,6121126.9,227,38
Call of Duty: Modern Warfare III,First-Person Shooter,0.963455149501661,401333.333333333,5800000,2023,6020000,145,15
Call of Duty: Vanguard,First-Person Shooter,0.803670305331435,69461.538461538,5080000,2021,6321000,261,91
Call of Duty: Warzone,First-Person Shooter,0.130648960080191,31785.246182266,1686000,2020,12904809.95,1279,406
Call of Duty: Warzone 2.0,First-Person Shooter,NA,,0,2022,0,0,0
Call of Duty: WWII,First-Person Shooter,0.982652766337245,59454.818181818,4498605,2017,4578021,296,77
Chex Quest,First-Person Shooter,0,100,0,1996,100,2,1
Contractors,First-Person Shooter,0,1000,0,2018,1000,20,1
Counter-Strike,First-Person Shooter,0.947230936035574,13278.908557505,12905226,2000,13624160.18,4327,1026
Counter-Strike 2,First-Person Shooter,0.682802312542125,49894.193608491,14444777.21,2023,21155138.09,2731,424
Counter-Strike Online,First-Person Shooter,1,33915.8,406989.6,2016,406989.6,70,12
Counter-Strike: Condition Zero,First-Person Shooter,1,54050.2,162150.6,2004,162150.6,111,3
Counter-Strike: Global Offensive,First-Person Shooter,0.646999974744739,23103.896880421,105130836.17,2012,162489706.76,16518,7033
Counter-Strike: Source,First-Person Shooter,0.922762900428803,9405.505407855,2872766.03,2004,3113222.29,1502,331
Critical Ops,First-Person Shooter,0.407720555670114,19621.282,40000,2015,98106.41,101,5
CrossFire,First-Person Shooter,0.866525544751512,62045.328296296,21774364.07,2007,25128357.96,1140,405
CrossFire HD,First-Person Shooter,0.710092866617987,276308.728571429,1373434,2022,1934161.1,139,7
CrossFire Mobile,First-Person Shooter,0.888111940779013,169523.61925,6022238.02,2015,6780944.77,282,40
Crysis,First-Person Shooter,1,5670.475,11340.95,2007,11340.95,0,2
Day of Defeat,First-Person Shooter,1,12795.1025,51180.41,2003,51180.41,43,4
Day of Defeat: Source,First-Person Shooter,0.731166707064044,1758.57125,10286.47,2005,14068.57,50,8
Descent 3,First-Person Shooter,1,50000,50000,1999,50000,1,1
Diabotical,First-Person Shooter,0.0974920822482669,683.175489691,25842.43,2020,265072.09,399,388
Doom (2016),First-Person Shooter,1,7000,7000,2016,7000,6,1
Doom 3,First-Person Shooter,1,64437.04,257748.16,2004,257748.16,14,4
Doom II: Hell on Earth,First-Person Shooter,0.430649732997166,638.57,2200,1994,5108.56,14,8
DOOMBRINGER,First-Person Shooter,0,141.9425,0,2017,567.77,8,4
Echo Combat,First-Person Shooter,1,46800,46800,2018,46800,16,1
Enemy Territory: Quake Wars,First-Person Shooter,1,15230.78,60923.12,2007,60923.12,27,4
Escape from Tarkov,First-Person Shooter,0,28650,0,2020,114600,150,4
EV.IO,First-Person Shooter,0.75,10000,15000,2021,20000,27,2
Evolve,First-Person Shooter,0.958520345177765,3985.122727273,126054.1,2015,131509.05,110,33
F.E.A.R.,First-Person Shooter,1,35600,178000,2005,178000,20,5
Ghost Recon Advanced Warfighter,First-Person Shooter,1,12000,24000,2006,24000,0,2
Gundam Versus,First-Person Shooter,1,280,280,2017,280,6,1
Guns of Boom,First-Person Shooter,0.955974842767296,9464.285714286,190000,2017,198750,8,21
Halo 2,First-Person Shooter,0.915537761330331,21983.276621622,1489362.47,2004,1626762.47,126,74
Halo 2 Anniversary,First-Person Shooter,1,23435.2525,468705.05,2014,468705.05,97,20
Halo 3,First-Person Shooter,0.932444074176234,53908.823255814,2161479.4,2007,2318079.4,214,43
Halo 4,First-Person Shooter,0.994776537487885,22670.987368421,428498.76,2012,430748.76,66,19
Halo 5: Guardians,First-Person Shooter,0.947247390109657,65703.953853211,6783930.97,2015,7161730.97,248,109
Halo Infinite,First-Person Shooter,0.931341297678074,120750.948793103,6522700.03,2021,7003555.03,275,58
Halo: Combat Evolved,First-Person Shooter,1,7673.871794872,299281,2001,299281,118,39
Halo: Reach,First-Person Shooter,0.922288849316356,26623.792068966,712089.97,2010,772089.97,121,29
Ironsight,First-Person Shooter,NA,,0,2018,0,0,0
Islands of Nyne,First-Person Shooter,NA,,0,2017,0,0,0
Lemnis Gate,First-Person Shooter,0,312.94,0,2021,1564.7,6,5
MechWarrior Online,First-Person Shooter,1,143490,143490,2013,143490,0,1
Metal Gear Online,First-Person Shooter,0,1000,0,2008,8000,37,8
Onward,First-Person Shooter,0.760103819058213,20227.5,123000,2016,161820,92,8
Overwatch,First-Person Shooter,0.534329154340599,41628.365265643,18840032.08,2016,35259225.38,4047,847
Overwatch 2,First-Person Shooter,0.638375724998365,93198.261159420,8210380.04,2022,12861360.04,1329,138
Painkiller,First-Person Shooter,1,78076.923076923,1015000,2004,1015000,48,13
Paladins,First-Person Shooter,0.718327460634932,31525.412658228,1789000,2015,2490507.6,571,79
Pavlov,First-Person Shooter,0,420,0,2017,1260,19,3
Pistol Whip,First-Person Shooter,0,7500,0,2019,7500,13,1
Point Blank,First-Person Shooter,0.906575381268298,16996.08125,1725721.63,2008,1903561.1,583,112
Quake 4,First-Person Shooter,0.996012511666773,10452.880925926,562204.81,2005,564455.57,107,54
Quake Champions,First-Person Shooter,0.728098672426895,12139.925,2563328.35,2017,3520578.25,334,290
Quake II,First-Person Shooter,0.995211510366952,10893.831666667,130100,1997,130725.98,37,12
Quake III Arena,First-Person Shooter,0.985133177112323,10418.313217391,1180293.99,1999,1198106.02,309,115
Quake Live,First-Person Shooter,0.876059459202786,1666.311727494,599972.93,2010,684854.12,225,411
QuakeWorld,First-Person Shooter,0.944275654423139,6557.086875,99067.16,1996,104913.39,57,16
Rage,First-Person Shooter,1,5000,5000,2011,5000,3,1
Rainbow Six Extraction,First-Person Shooter,NA,,0,2022,0,0,0
Rainbow Six Siege,First-Person Shooter,0.773758506264454,84736.842588028,37241404.36,2015,48130526.59,3070,568
Rainbow Six: Vegas,First-Person Shooter,1,25200.11,176400.77,2006,176400.77,106,7
Rainbow Six: Vegas 2,First-Person Shooter,1,9875,79000,2008,79000,0,8
Realm Royale,First-Person Shooter,0,29222.222222222,0,2018,263000,47,9
Reflex,First-Person Shooter,0.0665725663752812,273.152222222,163.66,2015,2458.37,24,9
Resistance 2,First-Person Shooter,0,50400,0,2008,50400,194,1
Return to Castle Wolfenstein,First-Person Shooter,1,37808.1,113424.3,2001,113424.3,50,3
Rust,First-Person Shooter,0,50000,0,2013,50000,46,1
S.K.I.L.L. - Special Force 2,First-Person Shooter,0.891704719753075,6706.042272727,131555.81,2013,147532.93,97,22
S.T.A.L.K.E.R.: Shadow of Chernobyl,First-Person Shooter,1,4901.26,4901.26,2007,4901.26,0,1
Shadowrun,First-Person Shooter,1,8000,24000,2007,24000,0,3
ShootMania Storm,First-Person Shooter,0.985485215060482,6095.132325581,258286.5,2013,262090.69,108,43
Snapshot VR,First-Person Shooter,0,500,0,2020,1000,15,2
Space Junkies,First-Person Shooter,0.808678500986193,7605,24600,2019,30420,33,4
Special Force,First-Person Shooter,1,43416.666666667,130250,2004,130250,0,3
Splatoon,First-Person Shooter,0,347.5,0,2015,1390,3,4
Splatoon 2,First-Person Shooter,0.966405375139978,1488.333333333,8630,2017,8930,13,6
Star Wars Jedi Knight II: Jedi Outcast,First-Person Shooter,1,7679.25,7679.25,2002,7679.25,0,1
Sudden Attack,First-Person Shooter,NA,,0,2005,0,0,0
Team Fortress 2,First-Person Shooter,0.565877315682714,3747.149855072,438928.41,2007,775660.02,1471,207
The Finals,First-Person Shooter,NA,,0,2023,0,0,0
Tower Tag,First-Person Shooter,0,1034.082,0,2020,5170.41,25,5
Uncharted 4: A Thief's End,First-Person Shooter,1,46235.07,46235.07,2016,46235.07,5,1
Unreal Tournament,First-Person Shooter,1,17800,89000,1999,89000,14,5
Unreal Tournament (2016),First-Person Shooter,0,635.62125,0,2016,5084.97,82,8
Unreal Tournament 2003,First-Person Shooter,1,10533.850714286,147473.91,2002,147473.91,33,14
Unreal Tournament 2004,First-Person Shooter,0.996391591805318,10887.27,151871.78,2004,152421.78,54,14
Unreal Tournament 3,First-Person Shooter,1,26244.455,104977.82,2007,104977.82,7,4
Vail VR,First-Person Shooter,NA,,0,2022,0,0,0
VAIL VR,First-Person Shooter,0.972222222222222,18000,35000,2022,36000,30,2
VALORANT,First-Person Shooter,0.602746508416656,24329.950889058,19298867.52,2020,32018215.37,7465,1316
Warface,First-Person Shooter,1,54777.5,109555,2013,109555,32,2
Warsow,First-Person Shooter,0,183,0,2012,183,2,1
Wolfenstein: Enemy Territory,First-Person Shooter,0.981652166905358,7831.291111111,138376.87,2003,140963.24,152,18
Xonotic,First-Person Shooter,0.001745562942375,339.432045455,26.07,2010,14935.01,96,44
Zombieland VR: Headshot Fever,First-Person Shooter,0,10000,0,2021,10000,4,1
Zula,First-Person Shooter,0.984615384615385,54166.666666667,160000,2015,162500,38,3
Arena of Valor,Multiplayer Online Battle Arena,0.957292775635343,551654.407374302,94528965.41,2015,98746138.92,2231,179
Battlerite,Multiplayer Online Battle Arena,0.429263835518363,858.2625,28000,2016,65227.95,88,76
Blankos Block Party,Multiplayer Online Battle Arena,0,250,0,2020,250,3,1
Bloodline Champions,Multiplayer Online Battle Arena,0.974816562670324,3492.11,40850,2011,41905.32,43,12
Crab Game,Multiplayer Online Battle Arena,0.957562568008705,4177.272727273,44000,2021,45950,32,11
Creative Destruction,Multiplayer Online Battle Arena,0,100000,0,2018,100000,8,1
Deadlock,Multiplayer Online Battle Arena,0,3152.5,0,2024,12610,27,4
Defense of the Ancients,Multiplayer Online Battle Arena,0.957345737881614,8744.053333333,878963.63,2003,918125.6,504,105
Dofus,Multiplayer Online Battle Arena,NA,,0,2004,0,0,0
Dota 2,Multiplayer Online Battle Arena,0.869871348927135,186381.159989659,313554838.46,2013,360461163.42,4980,1934
Dream Three Kingdoms 2,Multiplayer Online Battle Arena,NA,0,0,2015,0,0,1
Heavy Metal Machines,Multiplayer Online Battle Arena,0,12339.33,0,2017,12339.33,35,1
Heroes of Newerth,Multiplayer Online Battle Arena,0.560425114649495,7780.875240506,1722436.17,2010,3073445.72,820,395
Heroes of the Storm,Multiplayer Online Battle Arena,0.771987667217935,36491.540276680,14254535.64,2015,18464719.38,1326,506
Hyper Scape,Multiplayer Online Battle Arena,0,74750,0,2020,299000,260,4
League of Legends,Multiplayer Online Battle Arena,0.867518811516353,37865.341543333,98546688.28,2009,113596024.63,9588,3000
League of Legends: Wild Rift,Multiplayer Online Battle Arena,0.742432105236094,95670.324615385,8310360.3,2021,11193427.98,1473,117
Legend of Glory,Multiplayer Online Battle Arena,0,472.66,0,2015,472.66,0,1
Minecraft,Multiplayer Online Battle Arena,0.066371700170856,21183.515140845,199650,2011,3008059.15,613,142
MOBA Legends,Multiplayer Online Battle Arena,0,225,0,2016,225,3,1
Mobile Legends: Bang Bang,Multiplayer Online Battle Arena,0.896723012384535,109802.915290323,15261734.15,2016,17019451.87,2261,155
Onmyoji Arena,Multiplayer Online Battle Arena,1,89679.22,89679.22,2018,89679.22,5,1
Pokemon Unite,Multiplayer Online Battle Arena,0.65982283563051,45939.740983607,1849037.5,2021,2802324.2,850,61
Roblox,Multiplayer Online Battle Arena,NA,,0,2006,0,0,0
Shards of War,Multiplayer Online Battle Arena,0,1029.21,0,2015,1029.21,20,1
SMITE,Multiplayer Online Battle Arena,0.796323082449811,114364.643181818,10017832.57,2014,12580110.75,556,110
Splitgate: Arena Warfare,Multiplayer Online Battle Arena,0,90000,0,2019,360000,92,4
Teeworlds,Multiplayer Online Battle Arena,NA,,0,2007,0,0,0
Vainglory,Multiplayer Online Battle Arena,0.892689304367016,26039.4775,836825.87,2014,937421.19,262,36
Blade & Soul,Role-Playing Game,1,97000.894285714,679006.26,2012,679006.26,89,7
Cave Digger 2,Role-Playing Game,0,750,0,2021,750,4,1
Chivalry 2,Role-Playing Game,NA,,0,2021,0,0,0
Guild Wars 2,Role-Playing Game,0.735285621699749,8350.973684211,350000,2012,476005.5,152,57
Naraka: Bladepoint,Role-Playing Game,0.900298928895575,311237.894285714,3922900,2021,4357330.52,177,14
Old School Runescape,Role-Playing Game,0.0622945100831861,17596.315384615,28500,2013,457504.2,84,26
Red Stone,Role-Playing Game,1,29000,58000,2004,58000,12,2
Stardew Valley,Role-Playing Game,0,32616.666666667,0,2016,97850,69,3
Tibia,Role-Playing Game,1,952.94,952.94,1997,952.94,1,1
World of WarCraft,Role-Playing Game,0.555310422903119,40669.056044444,5081388.91,2004,9150537.61,503,225
Acceleration of SUGURI 2,Fighting Game,0.51219512195122,136.666666667,210,2018,410,8,3
Akatsuki Blitzkampf,Fighting Game,0,20,0,2007,20,3,1
Aquapazza: Aquaplus Dream Match,Fighting Game,1,122.5,245,2011,245,5,2
Arcana Heart 3,Fighting Game,1,1000,1000,2009,1000,4,1
Arcana Heart 3: Love Max Six Stars!!!!!,Fighting Game,0.912280701754386,142.5,520,2014,570,8,4
Arcana Heart 3: LOVE MAX!!!!!,Fighting Game,1,205,410,2013,410,6,2
ARMS,Fighting Game,0.600746488341337,196.206034483,13672.93,2017,22759.9,133,116
Asuka 120% LimitOver BURNING Fest.,Fighting Game,0,10,0,1998,10,3,1
Attack on Titan Tribute Game,Fighting Game,0,7243.333333333,0,2013,108650,21,15
BlazBlue: Calamity Trigger,Fighting Game,1,35,35,2008,35,3,1
BlazBlue: Central Fiction,Fighting Game,0.997204706383993,1863.031228070,105895.94,2015,106192.78,130,57
BlazBlue: Chronophantasma,Fighting Game,1,2468.038666667,37020.58,2012,37020.58,63,15
BlazBlue: Chronophantasma Extend,Fighting Game,1,447.160909091,4918.77,2015,4918.77,28,11
BlazBlue: Continuum Shift Extend,Fighting Game,NA,0,0,2011,0,3,1
BlazBlue: Continuum Shift II,Fighting Game,1,4918.202,24591.01,2010,24591.01,14,5
BlazBlue: Cross Tag Battle,Fighting Game,0.977215965919052,2294.946511628,96434.31,2018,98682.7,133,43
Bloody Roar Extreme,Fighting Game,1,1370,1370,2002,1370,3,1
Brawlhalla,Fighting Game,0.251643734482138,6116.028409742,1074264.04,2015,4268987.83,880,698
Brawlout,Fighting Game,NA,,0,2017,0,0,0
Breakers Revenge,Fighting Game,0,16,0,1998,16,3,1
Capcom vs. SNK,Fighting Game,1,70,140,2000,140,6,2
Capcom vs. SNK 2,Fighting Game,1,1081.949583333,25966.79,2001,25966.79,39,24
Chaos Code: New Sign of Catastrophe,Fighting Game,1,140,140,2013,140,3,1
Dead or Alive 4,Fighting Game,1,38288.100769231,497745.31,2005,497745.31,45,13
Dead or Alive 5,Fighting Game,NA,0,0,2012,0,4,2
Dead or Alive 5 Ultimate,Fighting Game,NA,0,0,2013,0,37,7
Dead or Alive 5: Last Round,Fighting Game,1,770.691,15413.82,2015,15413.82,46,20
Dead or Alive 6,Fighting Game,0.982855167560618,3082.978095238,63632.54,2019,64742.54,67,21
Dead or Alive Ultimate,Fighting Game,1,30000,30000,2004,30000,3,1
Def Jam: Fight for NY,Fighting Game,0.654545454545455,183.333333333,360,2004,550,6,3
Dengeki Bunko: Fighting Climax,Fighting Game,1,60,60,2014,60,3,1
Dengeki Bunko: Fighting Climax Ignition,Fighting Game,0.951853197674419,275.2,3667.3,2015,3852.8,40,14
Digimon Rumble Arena,Fighting Game,0,100,0,2001,200,5,2
Divekick,Fighting Game,1,530.909090909,5840,2013,5840,27,11
DNF Duel,Fighting Game,0.992256794430591,9934.267692308,128145.48,2022,129145.48,53,13
Dragon Ball FighterZ,Fighting Game,0.947886777408392,2835.603934426,491873.16,2018,518915.52,300,183
Dragon Ball Z: Budokai 3,Fighting Game,1,204.06,204.06,2004,204.06,3,1
Duck Game,Fighting Game,0,375,0,2014,750,5,2
Eternal Fighter Zero,Fighting Game,0,655.8,0,2000,1311.6,7,2
Fantasy Strike,Fighting Game,0.450015517776475,1159.96,2610,2019,5799.8,21,5
Fight of Animals,Fighting Game,0,157.67,0,2019,630.68,9,4
Fighter's History Dynamite,Fighting Game,1,195,195,1994,195,3,1
Fighting EX Layer,Fighting Game,0.993913424550811,234.708571429,1632.96,2018,1642.96,16,7
Garou: Mark of the Wolves,Fighting Game,0.779872781648981,164.6775,513.71,1999,658.71,13,4
Granblue Fantasy Versus: Rising,Fighting Game,0.981000731536459,7033.763636364,151802.8,2023,154742.8,79,22
Granblue Fantasy: Versus,Fighting Game,0.834152096508166,2361.331954023,171364.77,2020,205435.88,125,87
Guilty Gear,Fighting Game,1,32,32,1998,32,3,1
Guilty Gear -STRIVE-,Fighting Game,0.85669673133512,5990.076206897,595274.73,2021,694848.84,319,116
Guilty Gear Xrd -REVELATOR-,Fighting Game,1,1917.759473684,36437.43,2016,36437.43,61,19
Guilty Gear Xrd -SIGN-,Fighting Game,1,976.042564103,38065.66,2014,38065.66,82,39
Guilty Gear Xrd REV 2,Fighting Game,0.998663029191901,2176.897014925,145657.1,2017,145852.1,136,67
Guilty Gear XX,Fighting Game,NA,0,0,2002,0,5,2
Guilty Gear XX #Reload,Fighting Game,NA,0,0,2003,0,3,1
Guilty Gear XX Accent Core,Fighting Game,1,2591.25,10365,2007,10365,33,4
Guilty Gear XX Accent Core Plus,Fighting Game,NA,0,0,2008,0,3,1
Guilty Gear XX Accent Core Plus R,Fighting Game,0.60001063783491,590.882857143,12408.76,2012,20680.9,97,35
Guilty Gear XX Slash,Fighting Game,1,5125,10250,2005,10250,6,2
Hokuto no Ken,Fighting Game,1,145,145,2005,145,3,1
Hyper Street Fighter II,Fighting Game,1,10250,10250,2003,10250,8,1
HYPERFIGHT,Fighting Game,0,70,0,2019,140,4,2
Idol Showdown,Fighting Game,1,188,188,2023,188,3,1
Injustice 2,Fighting Game,0.99828933684604,22038.083157895,836014.57,2017,837447.16,81,38
Injustice: Gods Among Us,Fighting Game,1,300.657179487,35176.89,2013,35176.89,101,117
JoJo's Bizarre Adventure: All Star Battle R,Fighting Game,1,780,780,2022,780,8,1
JoJo's Bizarre Adventure: Heritage for the Future,Fighting Game,0,108.33,0,1999,324.99,8,3
Kill la Kill the Game: IF,Fighting Game,0.83695652173913,230,770,2019,920,12,4
Killer Instinct (2013),Fighting Game,0.999738994459001,4545.653220339,268123.54,2013,268193.54,137,59
King of Fighters 2002 Unlimited Match,Fighting Game,1,380,760,2009,760,6,2
King of Fighters 98,Fighting Game,1,2648.523333333,7945.57,1998,7945.57,7,3
King of Fighters XI,Fighting Game,1,25,25,2005,25,3,1
King of Fighters XIII,Fighting Game,1,1052.142727273,46294.28,2010,46294.28,106,44
King of Fighters XIV,Fighting Game,0.989737664882015,2043.941219512,82941.59,2016,83801.59,95,41
King of Fighters XV,Fighting Game,0.927611316297623,7227.708627451,341929.72,2022,368613.14,179,51
Kirby Fighters 2,Fighting Game,0,222.86,0,2020,222.86,4,1
Koihime Enbu,Fighting Game,0.915014164305949,252.142857143,1615,2016,1765,14,7
Lethal League Blaze,Fighting Game,0.297266793292605,470.326666667,1677.75,2018,5643.92,25,12
Maiden & Spell,Fighting Game,0,162.5,0,2020,325,5,2
Marvel vs. Capcom 2,Fighting Game,0.999745415765332,1354.473448276,39269.73,2000,39279.73,68,29
Marvel vs. Capcom 3,Fighting Game,1,1861.968333333,22343.62,2011,22343.62,38,12
Marvel vs. Capcom: Infinite,Fighting Game,0.999283997528349,3466.214545455,76202.12,2017,76256.72,60,22
Melty Blood: Actress Again,Fighting Game,NA,0,0,2009,0,10,2
Melty Blood: Actress Again Current Code,Fighting Game,0.786284612720909,517.4976,10172.51,2010,12937.44,73,25
Melty Blood: Type Lumina,Fighting Game,1,2774.662173913,63817.23,2021,63817.23,72,23
Mighty Fight Federation,Fighting Game,0,100,0,2021,100,3,1
Million Arthur: Arcana Blood,Fighting Game,0.99867374005305,1885,7530,2017,7540,12,4
Mordhau,Fighting Game,0,5541,0,2019,16623,40,3
Mortal Kombat 1,Fighting Game,0.840445809493399,13258.095,289710.47,2023,344710.47,129,26
Mortal Kombat 11,Fighting Game,0.849116263662208,9554.355625,519216.56,2019,611478.76,236,64
Mortal Kombat 9,Fighting Game,1,5265.064230769,136891.67,2011,136891.67,67,26
Mortal Kombat vs. DC Universe,Fighting Game,NA,0,0,2008,0,3,1
Mortal Kombat X,Fighting Game,1,9089.232580645,563532.42,2015,563532.42,100,62
Mortal Kombat XL,Fighting Game,0.962759877402537,7066.515263158,129263.79,2016,134263.79,56,19
MultiVersus,Fighting Game,0.8769641645323,11420.25,100151.5,2022,114202.5,59,10
Mystery Game Tournament,Fighting Game,1,1374.375,10995,2019,10995,56,8
Naruto Shippuden: Ultimate Ninja Storm 4,Fighting Game,0.43956043956044,910,2000,2016,4550,7,5
Naruto: Gekitou Ninja Taisen! 4,Fighting Game,0,200,0,2005,200,3,1
Ninja Legends,Fighting Game,0,1000,0,2019,1000,6,1
Nitroplus Blasterz: Heroines Infinite Duel,Fighting Game,1,498.5,1994,2015,1994,10,4
Persona 4 Arena,Fighting Game,1,576.057272727,6336.63,2012,6336.63,42,11
Persona 4 Arena Ultimax,Fighting Game,1,960.825454545,21138.16,2013,21138.16,69,22
Pocket Bravery,Fighting Game,1,452.35,452.35,2022,452.35,3,1
Pocket Rumble,Fighting Game,0,92.5,0,2016,185,5,2
Pokkén Tournament,Fighting Game,0.996827109590081,2969.871538462,76971.66,2016,77216.66,65,26
Pokkén Tournament DX,Fighting Game,0.990445370479178,790.192857143,21914,2017,22125.4,44,28
Power Instinct: Matrimelee,Fighting Game,0,45,0,2002,90,5,2
Power Rangers: Battle for the Grid,Fighting Game,0.473052340646053,534.369230769,3286.2,2019,6946.8,27,13
Power Rangers: Legacy Wars,Fighting Game,1,4178.55,4178.55,2017,4178.55,2,1
Project Justice,Fighting Game,1,165,165,2000,165,3,1
Project M,Fighting Game,1,612.812208955,205292.09,2010,205292.09,560,335
Project Plus,Fighting Game,0,97.5,0,2019,195,6,2
Punch Planet,Fighting Game,0,200,0,2017,400,6,2
Red Earth,Fighting Game,0,100,0,1996,100,3,1
Rising Thunder,Fighting Game,1,1000,1000,2015,1000,3,1
Rivals of Aether,Fighting Game,0.938723727666929,1721.452083333,38783.23,2015,41314.85,63,24
Roof Rage,Fighting Game,0,50,0,2019,50,3,1
Rushdown Revolt,Fighting Game,0,231.116111111,0,2021,4160.09,31,18
Sailor Moon S,Fighting Game,0.996952325223471,273.4325,3271.19,1995,3281.19,20,12
Samurai Shodown (2019),Fighting Game,0.99842506410934,3607.650454545,79243.31,2019,79368.31,77,22
Samurai Shodown III,Fighting Game,0,35,0,1995,70,5,2
Samurai Shodown V Special,Fighting Game,0.82989315407149,118.114,490.11,2004,590.57,15,5
Schwarzerblitz,Fighting Game,0,100,0,2020,200,5,2
Sekiro: Shadows Die Twice,Fighting Game,0,19596,0,2019,19596,20,1
Shovel Knight Showdown,Fighting Game,1,60,60,2019,60,3,1
Shrek SuperSlam,Fighting Game,0,40,0,2005,80,4,2
Skullgirls,Fighting Game,1,300,300,2012,300,3,1
Skullgirls 2nd Encore,Fighting Game,0.604282219876146,2924.586896552,51251,2015,84813.02,84,29
Skullgirls Encore,Fighting Game,1,704.261538462,9155.4,2014,9155.4,37,13
Slap City,Fighting Game,0,300,0,2018,600,5,2
SLAYERS FOR HIRE,Fighting Game,0,300,0,2020,600,8,2
Smash Remix,Fighting Game,0,299.06,0,2019,299.06,4,1
SNK Heroines: Tag Team Frenzy,Fighting Game,1,430,430,2018,430,3,1
Soul Calibur II,Fighting Game,1,622.5,4980,2003,4980,17,8
Soul Calibur II HD Online,Fighting Game,1,189.082,945.41,2013,945.41,29,5
Soul Calibur IV,Fighting Game,1,130,260,2008,260,3,2
Soul Calibur V,Fighting Game,1,2247.447857143,62928.54,2012,62928.54,76,28
Soul Calibur VI,Fighting Game,0.900499568562868,2467.045416667,159953.28,2018,177627.27,128,72
Stick Fight the Game,Fighting Game,0,350,0,2017,700,5,2
Street Fighter 6,Fighting Game,0.926826991808804,43165.805416667,4800868.03,2023,5179896.65,393,120
Street Fighter Alpha 2,Fighting Game,0.664723628368359,277.0575,2210,1996,3324.69,26,12
Street Fighter Alpha 3,Fighting Game,1,68,340,1998,340,16,5
Street Fighter EX2 Plus,Fighting Game,1,175,350,1999,350,5,2
Street Fighter III: 3rd Strike,Fighting Game,0.984981489009592,1982.605964912,111311.32,1999,113008.54,179,57
Street Fighter IV,Fighting Game,1,1162.370769231,15110.82,2009,15110.82,43,13
Street Fighter V,Fighting Game,0.97922366717833,17819.747633588,2285886.94,2016,2334386.94,281,131
Street Fighter V: Arcade Edition,Fighting Game,0.999625102096277,21593.180476190,2266433.95,2018,2267283.95,244,105
Street Fighter V: Champion Edition,Fighting Game,0.566964919342656,8104.716038961,707643.81,2020,1248126.27,264,154
Street Fighter X Tekken,Fighting Game,0.925830243123355,1115.690947368,98129.34,2012,105990.64,134,95
Super Smash Bros.,Fighting Game,0.998246054719334,609.313358779,79680.05,1999,79820.05,242,131
Super Smash Bros. Brawl,Fighting Game,1,712.933419540,248100.83,2008,248100.83,509,348
Super Smash Bros. for Wii U,Fighting Game,0.996945536584442,1464.721496139,1512816.47,2014,1517451.47,1284,1036
Super Smash Bros. Melee,Fighting Game,0.956992595536256,1537.454220685,4040278.51,2001,4221849.29,2012,2746
Super Smash Bros. Ultimate,Fighting Game,0.827455534092649,1667.547945361,2424346.86,2018,2929881.74,2419,1757
Super Street Fighter II Turbo,Fighting Game,1,513.223454545,28227.29,1994,28227.29,126,55
Super Street Fighter II Turbo HD Remix,Fighting Game,1,2462.222222222,22160,2008,22160,55,9
Super Street Fighter IV,Fighting Game,0.690631274955093,1679.405555556,20877.3,2010,30229.3,43,18
Super Street Fighter IV Arcade Edition,Fighting Game,1,1871.706555024,391186.67,2010,391186.67,195,209
Tatsunoko vs. Capcom: Ultimate All-Stars,Fighting Game,0.480131757439316,173.235,1330.81,2010,2771.76,16,16
Teenage Mutant Ninja Turtles: Tournament Fighters,Fighting Game,1,410,820,1993,820,7,2
Tekken 4,Fighting Game,1,3125,12500,2001,12500,4,4
Tekken 5,Fighting Game,1,1138.888888889,10250,2004,10250,10,9
Tekken 5: Dark Resurrection,Fighting Game,1,2436,12180,2006,12180,18,5
Tekken 6,Fighting Game,1,4091.456,122743.68,2007,122743.68,64,30
Tekken 7,Fighting Game,0.932711078314788,9182.677464789,3648598.41,2015,3911820.6,634,426
Tekken 8,Fighting Game,0.978661898708305,37666.2965,1474502.77,2024,1506651.86,208,40
Tekken Tag Tournament,Fighting Game,NA,0,0,1999,0,7,4
Tekken Tag Tournament 2,Fighting Game,1,846.437857143,118501.3,2011,118501.3,151,140
The Last Blade 2,Fighting Game,0,30,0,1998,60,4,2
The Unspoken,Fighting Game,1,9706.02,38824.08,2018,38824.08,7,4
Them's Fightin' Herds,Fighting Game,0.439168267945288,240.606333333,3170,2018,7218.19,30,30
Toribash,Fighting Game,0,100,0,2006,100,3,1
Tough Love Arena,Fighting Game,0,100,0,2021,100,3,1
Touhou Hisoutensoku ~ Choudokyuu Ginyoru no Nazo o Oe,Fighting Game,0.0488723808846789,750.253333333,220,2009,4501.52,18,6
TowerFall: Ascension,Fighting Game,NA,,0,2013,0,0,0
Ultimate Marvel vs. Capcom 3,Fighting Game,0.988604617814785,942.854898990,184557.92,2011,186685.27,223,198
Ultimate Mortal Kombat 3,Fighting Game,1,75,150,1995,150,6,2
Ultra Fight Da! Kyanta 2,Fighting Game,1,320,320,2019,320,3,1
Ultra Street Fighter IV,Fighting Game,0.99995112382337,3512.423261803,818354.62,2014,818394.62,242,233
Umineko: Golden Fantasia,Fighting Game,0.473684210526316,63.333333333,90,2010,190,9,3
Under Night In-Birth EXE: Late,Fighting Game,1,261.989565217,6025.76,2014,6025.76,52,23
Under Night In-Birth EXE: Late[cl-r],Fighting Game,0.939224146666525,1036.201,9732.25,2020,10362.01,40,10
Under Night In-Birth EXE: Late[st],Fighting Game,1,1364.58325,54583.33,2015,54583.33,109,40
Under Night In-Birth II [Sys:Celes],Fighting Game,1,5100.724,76510.86,2024,76510.86,66,15
Vampire Savior,Fighting Game,0.939849667424831,762.8952,17925.17,1997,19072.38,44,25
Virtua Fighter 4: Evolution,Fighting Game,NA,0,0,2002,0,6,3
Virtua Fighter 5,Fighting Game,1,5690,39830,2007,39830,14,7
Virtua Fighter 5 Final Showdown,Fighting Game,1,95.628333333,573.77,2010,573.77,28,6
Virtua Fighter 5: Ultimate Showdown,Fighting Game,0.941417691857059,4267.5,16070,2021,17070,22,4
Windjammers 2,Fighting Game,1,18.858392857,1056.07,2022,1056.07,3,56
WWE 2K20,Fighting Game,0,25000,0,2019,50000,20,2
Asphalt 4,Racing,1,14750,29500,2008,29500,5,2
Asphalt 9: Legends,Racing,1,25760,51520,2018,51520,5,2
Assetto Corsa,Racing,0.685467112702668,7480.312213740,671703.55,2014,979920.9,302,131
Assetto Corsa Competizione,Racing,0.606991480949132,8771.93890625,340767.5,2018,561404.09,511,64
Dirt Rally 2.0,Racing,0.333333333333333,7500,10000,2019,30000,9,4
Epic Roller Coasters VR,Racing,0,1000,0,2018,1000,3,1
F1 2018,Racing,1,200000,200000,2018,200000,21,1
F1 2019,Racing,1,269023.69,538047.38,2019,538047.38,25,2
F1 2020,Racing,0,250745,0,2020,752235,42,3
F1 2021,Racing,0,191484.75,0,2021,765939,35,4
F1 22,Racing,0,375162,0,2022,750324,25,2
Forza Horizon 5,Racing,0.02,2272.727272727,500,2021,25000,24,11
Forza Motorsport (2023),Racing,0.0828451882845188,11950,4950,2023,59750,93,5
Forza Motorsport 2,Racing,1,111000,222000,2007,222000,17,2
Forza Motorsport 3,Racing,1,5500,11000,2009,11000,3,2
Forza Motorsport 4,Racing,1,132.37,132.37,2011,132.37,2,1
Forza Motorsport 6,Racing,0.986095017381228,19177.777777778,170200,2015,172600,43,9
Forza Motorsport 7,Racing,0.7312210751157,64823.076923077,616200,2017,842700,140,13
Gran Turismo 3: A-Spec,Racing,1,1625,3250,2001,3250,4,2
Gran Turismo 4,Racing,1,22000,44000,2004,44000,5,2
Gran Turismo Sport,Racing,0.447169298546744,2460.9024,27511,2017,61522.56,126,25
GRID (2019),Racing,1,218.75,218.75,2019,218.75,3,1
Hot Lap League,Racing,NA,,0,2021,0,0,0
iRacing.com,Racing,0.249915656332713,19880.084814815,939017.1,2008,3757336.03,1302,189
Jak 3,Racing,NA,,0,2004,0,0,0
Jak and Daxter: The Precursur Legacy,Racing,0,500,0,2001,500,4,1
Jak II,Racing,NA,0,0,2003,0,14,1
KartRider,Racing,1,28368.3175,567366.35,2004,567366.35,76,20
Live for Speed,Racing,0.779094982396895,1183.314,9219.14,2003,11833.14,24,10
Mad Skills Motocross 2,Racing,1,26721,80163,2017,80163,23,3
Marbles on Stream,Racing,NA,,0,2018,0,0,0
Mario Kart 8 Deluxe,Racing,0.34149650208401,1465.444,5004.44,2017,14654.44,55,10
NASCAR Heat 4,Racing,0,40100,0,2019,200500,34,5
Nascar Heat 5,Racing,0.408163265306122,3062.5,2500,2020,6125,20,2
NASCAR Thunder 2002,Racing,1,7679.25,7679.25,2001,7679.25,0,1
NASCAR Thunder 2003,Racing,1,5933.5,5933.5,2002,5933.5,0,1
Need for Speed Carbon,Racing,1,9080.645,36322.58,2006,36322.58,12,4
Need for Speed: Most Wanted,Racing,1,5099.22,35694.54,2005,35694.54,18,7
Need for Speed: ProStreet,Racing,1,10736.153333333,32208.46,2007,32208.46,12,3
Need for Speed: Shift,Racing,1,10500,10500,2009,10500,3,1
Need for Speed: Underground,Racing,1,35000,35000,2003,35000,3,1
Need for Speed: Underground 2,Racing,1,11876.493333333,35629.48,2004,35629.48,8,3
Project Cars,Racing,0.153762275540891,542.954409449,10602.71,2015,68955.21,53,127
Project Cars 2,Racing,0.879062736205593,3006.818181818,58150,2017,66150,37,22
Project Gotham Racing 2,Racing,1,17500,35000,2003,35000,4,2
Project Gotham Racing 3,Racing,1,29728.685,297286.85,2005,297286.85,33,10
Project Gotham Racing 4,Racing,1,6302.115,25208.46,2007,25208.46,5,4
RaceRoom Racing Experience,Racing,0.295816027724794,9970.446428571,82583.7,2013,279172.5,168,28
Rennsport,Racing,0.987278623802419,236867.28,2104686.02,2022,2131805.52,65,9
rFactor,Racing,0,3770.89,0,2005,15083.56,51,4
rFactor 2,Racing,0.654243724553406,21553.04,1452396.94,2013,2219963.12,557,103
Speedrunners,Racing,0,75,0,2016,150,5,2
Sprint Vector,Racing,1,11750,11750,2018,11750,8,1
Trackmania (2020),Racing,0.361915800449802,1093.451394472,315006.92,2020,870387.31,830,796
TrackMania 2: Canyon,Racing,0.770073485007274,617.778205128,18553.65,2011,24093.35,26,39
TrackMania 2: Stadium,Racing,0.545322096148225,701.272272727,109371.91,2013,200563.87,345,286
Trackmania 2: Valley,Racing,1,389.67,779.34,2013,779.34,6,2
TrackMania Nations,Racing,0.60659830418161,6271.308333333,68474.97,2006,112883.55,43,18
TrackMania Nations Forever,Racing,0.857327404975694,2301.485813953,169688.91,2008,197927.78,143,86
Trackmania Turbo,Racing,0,339.705,0,2016,679.41,6,2
Trackmania United,Racing,1,1027.5,1027.5,2006,1027.5,3,1
Trackmania United Forever,Racing,0,2301.775,0,2008,4603.55,25,2
Trials Fusion,Racing,NA,,0,2014,0,0,0
Turbo Racing League,Racing,0.5,111111.111111111,500000,2013,1000000,16,9
Void Racer,Racing,0,460,0,2020,460,4,1
WRC 10 FIA World Rally Championship,Racing,1,25250,25250,2021,25250,1,1
Carom 3D,Sports,1,15125,60500,1999,60500,11,4
Dream league Soccer,Sports,NA,,0,2019,0,0,0
EA Sports FC 24,Sports,0.944753190614296,96795.149210526,6950011.98,2023,7356431.34,348,76
EA Sports FC Online,Sports,0.89576387339691,64879.617272727,639284.99,2023,713675.79,96,11
Echo Arena,Sports,0.874207876104514,8806.014545455,169362.32,2017,193732.32,126,22
eFootball,Sports,0.0508130081300813,35142.857142857,25000,2021,492000,62,14
Eleven Table Tennis,Sports,NA,,0,2016,0,0,0
FIFA 03,Sports,1,18022.146666667,54066.44,2002,54066.44,10,3
FIFA 04,Sports,1,13333.333333333,40000,2003,40000,3,3
FIFA 05,Sports,1,7216.00125,57728.01,2004,57728.01,5,8
FIFA 06,Sports,1,9372.044166667,112464.53,2005,112464.53,23,12
FIFA 07,Sports,1,17022.302142857,238312.23,2006,238312.23,43,14
FIFA 08,Sports,1,12184.114117647,207129.94,2007,207129.94,68,17
FIFA 09,Sports,0.948223927410948,6400.965263158,115321.42,2008,121618.34,52,19
FIFA 10,Sports,0.77031311911614,2438.056458333,90147.21,2009,117026.71,64,48
FIFA 11,Sports,0.906050268040961,1204.920128205,85154.02,2010,93983.77,72,78
FIFA 12,Sports,0.876542165646612,864.649552239,50779.42,2011,57931.52,59,67
FIFA 13,Sports,0.977679735928766,7393.997096774,448195.59,2012,458427.82,53,62
FIFA 14,Sports,0.906896378859052,1396.345072464,87377.48,2013,96347.81,57,69
FIFA 15,Sports,0.806510577147587,410.153380682,116439.15,2014,144373.99,167,352
FIFA 16,Sports,0.992025699650537,4082.814137931,117457.44,2015,118401.61,62,29
FIFA 17,Sports,1,30363.450612245,1487809.08,2016,1487809.08,135,49
FIFA 18,Sports,0.994434963130575,46535.368541667,2221267.08,2017,2233697.69,235,48
FIFA 19,Sports,0.976626876308981,62031.826226415,3210843.28,2018,3287686.79,331,53
FIFA 20,Sports,0.439136320026899,38785.724776119,1141158.77,2019,2598643.56,363,67
FIFA 2000,Sports,1,50000,50000,1999,50000,4,1
FIFA 2001,Sports,1,23000,46000,2000,46000,9,2
FIFA 2002 World Cup,Sports,1,43000,43000,2002,43000,8,1
FIFA 21,Sports,0.323386276649452,77594.411639344,1530671.04,2020,4733259.11,417,61
FIFA 22,Sports,0.736856418943812,61008.987066667,3371614.78,2021,4575674.03,422,75
FIFA 23,Sports,0.822559551731537,62596.183434343,5097419.77,2022,6197022.16,527,99
FIFA Online 3,Sports,1,77501.714,1937542.85,2012,1937542.85,124,25
FIFA Online 4,Sports,0.606657991427282,61007.736268657,2479725.66,2018,4087518.33,427,67
GOALS,Sports,0,1841.26,0,2025,1841.26,4,1
GOLF Plus,Sports,1,5000,5000,2020,5000,4,1
Golf With Your Friends,Sports,0,9700,0,2016,19400,11,2
Gran Turismo 7,Sports,0,5310.7125,0,2022,21242.85,13,4
Gym Masters VR,Sports,0,500,0,2021,500,4,1
Just Hoops,Sports,NA,,0,2021,0,0,0
Madden NFL 06,Sports,1,100000,100000,2005,100000,1,1
Madden NFL 07,Sports,1,100000,100000,2006,100000,1,1
Madden NFL 08,Sports,1,100000,100000,2007,100000,1,1
Madden NFL 09,Sports,1,100000,100000,2008,100000,1,1
Madden NFL 13,Sports,1,400000,400000,2012,400000,8,1
Madden NFL 16,Sports,1,50000,50000,2015,50000,8,1
Madden NFL 17,Sports,1,200800,1004000,2016,1004000,42,5
Madden NFL 18,Sports,0.0488028345769941,141225.54,20676.62,2017,423676.62,40,3
Madden NFL 19,Sports,1,253998.4,1269992,2018,1269992,45,5
Madden NFL 20,Sports,0.761646803900325,461500,703000,2019,923000,38,2
Madden NFL 2004,Sports,1,1500,1500,2003,1500,3,1
Madden NFL 21,Sports,0.2578125,213333.333333333,330000,2020,1280000,66,6
Madden NFL 22,Sports,0.606060606060606,412500,1000000,2021,1650000,37,4
Madden NFL 23,Sports,0.741176470588235,425000,1260000,2022,1700000,37,4
Madden NFL 24,Sports,1,283333.333333333,1700000,2023,1700000,86,6
Madden NFL 25,Sports,1,100000,100000,2024,100000,8,1
Mario Tennis Aces,Sports,0,30.65,0,2018,61.3,6,2
NBA 2K Online,Sports,NA,,0,2012,0,0,0
NBA 2K Online 2,Sports,NA,,0,2018,0,0,0
NBA 2K18,Sports,1,250000,1000000,2017,1000000,91,4
NBA 2K19,Sports,1,332500,1330000,2018,1330000,78,4
NBA 2K20,Sports,0,250000,0,2019,250000,1,1
NBA 2K21,Sports,0.811724305355652,443500.333333333,1080000,2020,1330501,64,3
NBA 2K22,Sports,0.811320754716981,378571.428571429,2150000,2021,2650000,92,7
NBA 2K23,Sports,0.829059829059829,325000,2425000,2022,2925000,105,9
NHL '94,Sports,1,477.32,3818.56,1993,3818.56,16,8
NHL 12,Sports,1,351.465,702.93,2011,702.93,6,2
NHL 13,Sports,1,70000,70000,2012,70000,1,1
NHL 14,Sports,1,1007.986666667,3023.96,2013,3023.96,6,3
NHL 15,Sports,1,1052.386666667,3157.16,2014,3157.16,3,3
NHL 17,Sports,NA,,0,2016,0,0,0
NHL 18,Sports,0.876338851022395,17116.666666667,90000,2017,102700,20,6
NHL 19,Sports,0.867060580936399,2820.83375,19566.67,2018,22566.67,10,8
NHL 23,Sports,1,26312.5,105250,2022,105250,12,4
Nock,Sports,0,2025,0,2022,4050,12,2
Pro Evolution Soccer 2008,Sports,1,694.716666667,2084.15,2007,2084.15,6,3
Pro Evolution Soccer 2009,Sports,0,697.985,0,2008,1395.97,5,2
Pro Evolution Soccer 2013,Sports,NA,,0,2012,0,0,0
Pro Evolution Soccer 2014,Sports,1,29410.25,29410.25,2013,29410.25,4,1
Pro Evolution Soccer 2015,Sports,1,26544.76,26544.76,2014,26544.76,3,1
Pro Evolution Soccer 2016,Sports,1,4540.64,27243.84,2015,27243.84,17,6
Pro Evolution Soccer 2017,Sports,1,32168.606875,514697.71,2016,514697.71,39,16
Pro Evolution Soccer 2018,Sports,1,83333.333333333,250000,2017,250000,20,3
Pro Evolution Soccer 2019,Sports,1,108000,216000,2019,216000,25,2
Pro Evolution Soccer 3,Sports,1,12500,25000,2003,25000,8,2
Pro Evolution Soccer 4,Sports,1,20275.32,40550.64,2004,40550.64,11,2
Pro Evolution Soccer 5,Sports,1,32000,32000,2005,32000,4,1
Pro Evolution Soccer 6,Sports,1,10108.41,20216.82,2006,20216.82,5,2
Racket: NX,Sports,0,500,0,2018,500,3,1
Ragnaröck,Sports,NA,,0,2021,0,0,0
Rezzil Player,Sports,0,5137.5,0,2021,61650,19,12
Rocket League,Sports,0.421574700848859,9304.821045795,17816799.61,2015,42262497.19,6884,4542
Rocket League Sideswipe,Sports,0,15875,0,2021,63500,32,4
Roller Champions,Sports,0.0122965938435053,449.418421053,105,2022,8538.95,60,19
Slapshot Rebound,Sports,0,127.654,0,2020,638.27,23,5
Soccer Stars,Sports,NA,,0,2018,0,0,0
SuperPlayer,Sports,0,1000,0,2022,1000,3,1
Walkabout Mini Golf,Sports,0,1000,0,2021,2000,7,2
Zwift,Sports,0,9338.68,0,2015,65370.76,10,7
Artifact Classic,Collectible Card Game,0.0965088698208784,627.954479167,11635.81,2018,120567.26,286,192
Artifact Foundry,Collectible Card Game,0,97.875,0,2020,1174.5,21,12
Faeria,Collectible Card Game,0,820,0,2017,4100,12,5
Gwent,Collectible Card Game,0.501988168101592,12337.681721311,755591.17,2016,1505197.17,344,122
Hand of the Gods,Collectible Card Game,0.767730334984571,2623.172222222,72500,2017,94434.2,48,36
Hearthstone,Collectible Card Game,0.596412961018593,26427.499698795,18315099.29,2014,30708754.65,3147,1162
Hearthstone Battlegrounds,Collectible Card Game,0.227597453246678,34423.128039216,399565.43,2019,1755579.53,271,51
"KARDS, The World War II Card Game",Collectible Card Game,NA,,0,2019,0,0,0
Legends of Runeterra,Collectible Card Game,0,21760.334242424,0,2020,718091.03,284,33
Magic: The Gathering Arena,Collectible Card Game,0.482271046334566,153233.333333333,4434000,2018,9194000,336,60
Magic: The Gathering Online,Collectible Card Game,0.66996699669967,113625,1218000,2002,1818000,173,16
Mythgard,Collectible Card Game,0,1000,0,2019,3000,9,3
Pokémon TCG,Collectible Card Game,NA,,0,1996,0,0,0
Shadowverse,Collectible Card Game,0.975528609670357,125192.574772727,5373673.29,2016,5508473.29,248,44
Shardbound,Collectible Card Game,NA,,0,2017,0,0,0
The Elder Scrolls: Legends,Collectible Card Game,1,5000,5000,2017,5000,3,1
Yu-Gi-Oh! Duel Links,Collectible Card Game,0,222.587762557,0,2016,48746.72,328,219
Catherine,Puzzle Game,0.951456310679612,220.714285714,1470,2011,1545,11,7
Catherine: Full Body,Puzzle Game,1,185,185,2019,185,3,1
Cultris II,Puzzle Game,0,190.95,0,2011,190.95,3,1
Jstris,Puzzle Game,0,137.5,0,2014,275,12,2
Magical Drop III,Puzzle Game,1,130,130,1997,130,3,1
Microsoft Excel,Puzzle Game,0.572552447552448,2660.465116279,65500,1985,114400,86,43
Pac-man,Puzzle Game,NA,,0,1981,0,0,0
Panel Attack,Puzzle Game,0,70,0,2020,140,5,2
Puyo Puyo Champions,Puzzle Game,0.834629174555856,496.46,2071.8,2019,2482.3,14,5
Puyo Puyo Tetris,Puzzle Game,0.472633836229564,213.9275,1617.75,2014,3422.84,31,16
Puyo Puyo Tetris 2,Puzzle Game,0.941943677409835,632.546666667,1787.47,2020,1897.64,14,3
Tetr.io,Puzzle Game,0.274604108394881,1038.794444444,5134.63,2020,18698.3,39,18
Tetris,Puzzle Game,0.410940516668127,2531.104426230,126896.27,1989,308794.74,180,122
Tetris Effect: Connected,Puzzle Game,0.230129888602483,1048.170909091,2653.37,2020,11529.88,35,11
Tetris Ultimate,Puzzle Game,1,221,221,2014,221,3,1
Twinkle Star Sprites,Puzzle Game,0,75,0,1996,150,4,2
Wise Star 2,Puzzle Game,1,12000,12000,2008,12000,3,1
Apex Legends,Battle Royale,0.511458648307489,35777.342010944,13376299.25,2019,26153237.01,2317,731
Apex Legends Mobile,Battle Royale,NA,,0,2022,0,0,0
Ark: Survival Of The Fittest,Battle Royale,NA,,0,2017,0,0,0
Fall Guys,Battle Royale,0,48610.547142857,0,2020,340273.83,250,7
Farlight 84,Battle Royale,NA,,0,2023,0,0,0
Fortnite,Battle Royale,0.294744197407371,83375.250410301,56299884.57,2017,191012698.69,9535,2291
Free Fire,Battle Royale,0.767115392433413,190968.338315789,13917001.42,2017,18141992.14,1706,95
H1Z1,Battle Royale,1,159009.384615385,2067122,2016,2067122,119,13
Penguin Paradise,Battle Royale,NA,,0,2022,0,0,0
PLAYERUNKNOWN'S BATTLEGROUNDS Mobile,Battle Royale,0.694719990809399,256079.046392962,60665002.37,2017,87322954.82,4263,341
PLAYERUNKNOWN’S BATTLEGROUNDS,Battle Royale,0.769002846925364,101743.978114105,49370328.97,2017,64200450.19,3967,631
Radical Heights,Battle Royale,0,60000,0,2018,120000,12,2
Ring of Elysium,Battle Royale,0,17500,0,2018,70000,9,4
Rocket Arena,Battle Royale,0,33333.333333333,0,2020,100000,24,3
Rules Of Survival,Battle Royale,0.725609756097561,164000,476000,2017,656000,0,4
Spellbreak,Battle Royale,0,50000,0,2020,50000,42,1
Super People,Battle Royale,0,13138.727272727,0,2022,144526,95,11
Gears 5,Third-Person Shooter,0.292987263671303,20722.5,680000,2019,2320920,163,112
Gears of War,Third-Person Shooter,1,14010.865,252195.57,2006,252195.57,33,18
Gears of War 2,Third-Person Shooter,1,27000,135000,2008,135000,0,5
Gears of War 3,Third-Person Shooter,0.627884412629327,1813.9525,4555.81,2011,7255.81,13,4
Gears of War 4,Third-Person Shooter,0.972067767919218,20676.217105263,3055000,2016,3142785,155,152
Gears of War: Ultimate Edition,Third-Person Shooter,1,56666.666666667,170000,2015,170000,39,3
Knockout City,Third-Person Shooter,NA,,0,2021,0,0,0
Mobile Suit Gundam: Extreme Vs Maxi Boost ON,Third-Person Shooter,0.761904761904762,210,320,2016,420,12,2
PARAVOX,Third-Person Shooter,NA,,0,2024,0,0,0
Rogue Company,Third-Person Shooter,0,25000,0,2020,50000,48,2
The Division 2,Third-Person Shooter,0,13625,0,2019,27250,40,2
Audio Trip,Music / Rhythm Game,0,325,0,2020,650,4,2
Beat Saber,Music / Rhythm Game,0,1517.46,0,2019,16692.06,63,11
Groove Gunner,Music / Rhythm Game,NA,,0,2020,0,0,0
Guitar Hero 5,Music / Rhythm Game,1,10500,10500,2009,10500,3,1
Guitar Hero III: Legends of Rock,Music / Rhythm Game,1,9500,19000,2007,19000,8,2
Guitar Hero: World Tour,Music / Rhythm Game,NA,,0,2008,0,0,0
Just Dance 2014,Music / Rhythm Game,NA,0,0,2013,0,3,1
osu!,Music / Rhythm Game,0.119185496388213,1092.003306773,32667.89,2007,274092.83,1059,251
Synth Riders,Music / Rhythm Game,0.285714285714286,300,600,2018,2100,11,7
